{
  "snr_levels": [
    0.0,
    5.0,
    10.0
  ],
  "am_means": {
    "0.0": 0.9248375339438315,
    "5.0": 1.2676994158248915,
    "10.0": 1.4133120644472608
  },
  "am_stds": {
    "0.0": 0.02727552212427188,
    "5.0": 0.014719634077151869,
    "10.0": 0.009596006378636683
  },
  "fm_means": {
    "0.0": -9.325437490740088,
    "5.0": -3.319826981842715,
    "10.0": 2.7204980055243175
  },
  "fm_stds": {
    "0.0": 0.12853150947769187,
    "5.0": 0.16979497420943407,
    "10.0": 0.10133581433393178
  },
  "am_results": {
    "0.0": [
      0.8854155112811918,
      0.9929643854579493,
      0.9141038659043316,
      0.9214917228140207,
      0.9271956513593145,
      0.9164310581275508,
      0.945808113291088,
      0.9291029205228301,
      0.9054892414658193,
      0.9103728692142201
    ],
    "5.0": [
      1.2629310395618027,
      1.2954245384326342,
      1.255648937859985,
      1.2731763425763156,
      1.2873943407845954,
      1.2474223268379825,
      1.278033282189248,
      1.2651211951496633,
      1.2581683823056928,
      1.2536737725509963
    ],
    "10.0": [
      1.42040402576303,
      1.4277681207288915,
      1.405241668736479,
      1.4135891807511451,
      1.4296771824870107,
      1.398848224728889,
      1.414948313117673,
      1.4089902218570203,
      1.4094593912082884,
      1.4041943150941802
    ]
  },
  "fm_results": {
    "0.0": [
      -9.425989717446065,
      -9.318720515238944,
      -9.495526305337174,
      -9.33926707943328,
      -9.498377153130793,
      -9.284790636618268,
      -9.203906639746911,
      -9.374671457781538,
      -9.25689899843212,
      -9.056226404235767
    ],
    "5.0": [
      -3.3811643241361686,
      -3.246717463249748,
      -3.7304876249905057,
      -3.0994105902357285,
      -3.3718362686991643,
      -3.336549652193196,
      -3.360970332875386,
      -3.196980097405568,
      -3.3564638302727543,
      -3.1176896343689284
    ],
    "10.0": [
      2.607952171687403,
      2.744499180293805,
      2.594038620554404,
      2.7996472392254548,
      2.681382970800153,
      2.7109808491984353,
      2.8600324836282502,
      2.71553810243029,
      2.595738461788623,
      2.895169975636358
    ]
  }
}