{
  "snr_levels": [
    0.0,
    5.0,
    10.0,
    15.0,
    20.0,
    25.0,
    30.0
  ],
  "am_means": {
    "0.0": 3.5639097172730048,
    "5.0": 9.786686581312978,
    "10.0": 15.00618400957475,
    "15.0": 19.955018936323047,
    "20.0": 24.931081834870213,
    "25.0": 29.92660297849933,
    "30.0": 34.924167764942794
  },
  "am_stds": {
    "0.0": 0.2839817148253518,
    "5.0": 0.32073116714638494,
    "10.0": 0.33113540976265465,
    "15.0": 0.32707583199104384,
    "20.0": 0.32319614529287227,
    "25.0": 0.3246071263968705,
    "30.0": 0.3254616532832362
  },
  "fm_means": {
    "0.0": 2.6067210371035037,
    "5.0": 17.277278937266715,
    "10.0": 28.82067072596812,
    "15.0": 29.65242390887955,
    "20.0": 29.937345194703816,
    "25.0": 30.025029319352633,
    "30.0": 30.049565214231897
  },
  "fm_stds": {
    "0.0": 0.5059365101998275,
    "5.0": 1.3548799872582362,
    "10.0": 0.24485615967610663,
    "15.0": 0.15492778539013255,
    "20.0": 0.09076754902566381,
    "25.0": 0.051624131723333896,
    "30.0": 0.029095017967219534
  },
  "am_results": {
    "0.0": [
      2.9947230577156168,
      3.791657536826164,
      3.7291001161440187,
      3.781022455439019,
      3.5482131625487314,
      3.658320561294765,
      3.7091572393320678,
      3.4898006861768742,
      3.857300795751604,
      3.0798015615011827
    ],
    "5.0": [
      9.401053117140108,
      9.53632991100593,
      10.174261213631421,
      10.075286382974749,
      9.900095049713876,
      9.74521553784931,
      9.817735084436901,
      9.8660873933055,
      10.193653163862297,
      9.1571489592097
    ],
    "10.0": [
      14.531891304535955,
      14.717832745132473,
      15.389203304028749,
      15.28792664621568,
      15.11559372818873,
      15.041667490792648,
      15.030509512198634,
      15.08741755159798,
      15.44480902718785,
      14.414988785868786
    ],
    "15.0": [
      19.471388601469123,
      19.713334229485024,
      20.22890114623463,
      20.18545028576174,
      20.01881395353314,
      20.00428316020262,
      20.005294226831847,
      20.165946720719038,
      20.41880816389286,
      19.337968875100454
    ],
    "20.0": [
      24.440810960081766,
      24.69567411386003,
      25.189012818769108,
      25.1532880219407,
      24.935568640427697,
      25.008730845485367,
      24.99152735243512,
      25.17344294266649,
      25.388027690954488,
      24.33473496208133
    ],
    "25.0": [
      29.433897964097362,
      29.689923610613036,
      30.188629200308917,
      30.153762139645597,
      29.910755828284778,
      30.0139503919933,
      29.984857652083488,
      30.17332602465182,
      30.38440594228351,
      29.33252103103147
    ],
    "30.0": [
      34.43003733478249,
      34.68668479390391,
      35.18840235070501,
      35.154072472950155,
      34.89756713836002,
      35.01694921813997,
      34.98103572103106,
      35.1732786594371,
      35.38234255732395,
      34.33130740279423
    ]
  },
  "fm_results": {
    "0.0": [
      2.2885350351820417,
      2.203516623599892,
      2.2630329963504185,
      1.9633934251558094,
      2.136536480034138,
      3.274919907981393,
      3.2414267655941886,
      2.682591150572997,
      2.5777433001669974,
      3.4355146863971635
    ],
    "5.0": [
      16.44871155683562,
      18.502716139257515,
      15.431679915549516,
      19.540233247454836,
      15.792202879597683,
      17.12818041127968,
      16.12920726323232,
      17.54987727171125,
      16.988264639522576,
      19.26171604822612
    ],
    "10.0": [
      28.964352126313567,
      28.986425130767195,
      28.45557816220459,
      28.54739894199784,
      28.533945828814716,
      28.891959168980577,
      29.000763209687108,
      28.615236572889437,
      29.203615670215108,
      29.007432447811034
    ],
    "15.0": [
      29.72361953303239,
      29.735311448591002,
      29.44339607655867,
      29.522556718952593,
      29.435423388376055,
      29.710004458670664,
      29.763806491825253,
      29.50298885143026,
      29.911817792656777,
      29.775314328701814
    ],
    "20.0": [
      29.970169031704476,
      29.979304521707274,
      29.823274449679346,
      29.87585378093968,
      29.79648119583301,
      29.978180166001195,
      30.001116030474986,
      29.846772342258152,
      30.090346350752114,
      30.01195407768794
    ],
    "25.0": [
      30.040396629897728,
      30.04687660064914,
      29.963112301193206,
      29.994844772797677,
      29.94030258488758,
      30.050740294746138,
      30.060814411460136,
      29.97309604830911,
      30.111482524118575,
      30.068627025467045
    ],
    "30.0": [
      30.057101543177055,
      30.061256416883495,
      30.015656927500736,
      30.03409716813951,
      30.00033887973283,
      30.064856550632758,
      30.069574748728694,
      30.020256170913985,
      30.097954612690035,
      30.07455912391987
    ]
  }
}