Input_SNR_dB,AM_Mean_Output_SNR_dB,AM_Std_Output_SNR_dB,FM_Mean_Output_SNR_dB,FM_Std_Output_SNR_dB
0.0,3.5639097172730048,0.2839817148253518,2.6067210371035037,0.5059365101998275
5.0,9.786686581312978,0.32073116714638494,17.277278937266715,1.3548799872582362
10.0,15.00618400957475,0.33113540976265465,28.82067072596812,0.24485615967610663
15.0,19.955018936323047,0.32707583199104384,29.65242390887955,0.15492778539013255
20.0,24.931081834870213,0.32319614529287227,29.937345194703816,0.09076754902566381
25.0,29.92660297849933,0.3246071263968705,30.025029319352633,0.051624131723333896
30.0,34.924167764942794,0.3254616532832362,30.049565214231897,0.029095017967219534
