Input_SNR_dB,AM_Mean_Output_SNR_dB,AM_Std_Output_SNR_dB,FM_Mean_Output_SNR_dB,FM_Std_Output_SNR_dB
0.0,0.9248375339438315,0.02727552212427188,-9.325437490740088,0.12853150947769187
5.0,1.2676994158248915,0.014719634077151869,-3.319826981842715,0.16979497420943407
10.0,1.4133120644472608,0.009596006378636683,2.7204980055243175,0.10133581433393178
